nome_aceito,Dicliptera ciliaris Juss.,
nome_aceito,Dyschoriste maranhonis Kuntze,
nome_aceito,Hygrophila costata Nees,
nome_aceito,Hygrophila guianensis Nees,
sinonimo,Hygrophila helodes Nees ,Hygrophila costata Nees
nome_aceito,Justicia comata (L.) Lam.,
nome_aceito,Justicia aequilabris (Nees) Lindau,
nome_aceito,Justicia laevilinguis (Nees) Lindau,
nao_encontrado,Justia pectoralis Jacq.,
sinonimo,Nelsonia brunelloides (Lam.) Kuntz,Nelsonia canescens (Lam.) Spreng.
nome_aceito,Ruellia bahiensis (Nees) Morong,
nome_aceito,Ruellia paniculata L. ,
nome_aceito,Sesuvium portulacastrum (L.) L. ,
sinonimo,Echinodorus andrieuxii (Hook et Arn.) Smal,Echinodorus subalatus (Mart.) Griseb.
sinonimo,Echinodorus argentinensis Rataj.,Echinodorus grandiflorus (Cham. & Schltr.) Micheli
nome_aceito,Echinodorus aschersonianus Graebn.,
sinonimo,Echinodorus bolivianus (Rusby) Hom-Niels,Helanthium bolivianum (Rusby) Lehtonen & Myllys
nome_aceito,Echinodorus cordifolius (L.) Griseb. ,
nome_aceito,Echinodorus floribundus (Seub.) Seub.,
nome_aceito,Echinodorus glandulosus Rataj,
nome_aceito,Echinodorus grandiflorus (Cham. & Schltdl.) Micheli,
nome_aceito,Echinodorus grisebachii Small,
nome_aceito,Echinodorus lanceolatus Rataj,
nome_aceito,Echinodorus longipetalus Micheli,
nome_aceito,Echinodorus longiscapus Arech.,
nome_aceito,Echinodorus macrophyllus (Kunth) Micheli ,
nome_aceito,Echinodorus palaefolius (Nees & Mart.) J.F. Macbr. ,
nome_aceito,Echinodorus paniculatus Micheli,
nome_aceito,Echinodorus pubescens (Mart.) Seub. and Warm.,
sinonimo,Echinodorus ranunculoides (L.) Engelm.,Baldellia ranunculoides (L.) Parl.
nome_aceito,Echinodorus reticulatus R.R. Haynes and Holm-Niels.,
nome_aceito,Echinodorus scaber Rataj,
nome_aceito,Echinodorus subalatus (Mart.) Griseb.,
sinonimo,Echinodorus tenellus (Mart. ex Schult. & Schult. f.) Buchenau ,Helanthium tenellum (Martius) Britton
sinonimo,Echinodorus teretoscapus R.R.Haynes & Holm-Niels. ,Echinodorus glaucus Rataj
nome_aceito,Helanthium tenellum (Mart.) Britton,
nome_aceito,Hydrocleys martii Seub. ,
nome_aceito,Hydrocleys nymphoides (Willd.) Buchenau,
nome_aceito,Hydrocleys parviflora Seub.,
nome_aceito,Limnocharis flava (L.) Buchenau,
sinonimo,Limnocharis laforestii Griseb. ,Limnocharis laforesti Duchass. ex Griseb.
nome_aceito,Sagittaria guayanensis Kunth ,
nome_aceito,Sagittaria lancifolia L. ,
nome_aceito,Sagittaria montevidensis Cham. & Schltdl.,
nome_aceito,Sagittaria planitiana G. Agostini,
nome_aceito,Sagittaria rhombifolia Cham.,
nome_aceito,Sagittaria sprucei Micheli,
sinonimo,Alstroemeria isabellana Herb. ,Alstroemeria isabelleana Herb.
nome_aceito,Alternanthera aquatica (Parodi) Chodat ,
nome_aceito,Alternanthera brasiliana (L.) Kuntze ,
nome_aceito,Alternanthera paronychioides A. St.-Hil.,
nome_aceito,Alternanthera philoxeroides (Mart.) Griseb.,
nome_aceito,Alternanthera pilosa Moq.,
nome_aceito,Alternanthera tenella Colla,
nome_aceito,Amaranthus spinosus L.,
nome_aceito,Amaranthus viridis L.,
nome_aceito,Atriplex montevidensis Spr.,
nome_aceito,Atriplex undulata (Moq.) Dietr.,
nome_aceito,Blutaparon portulacoides (A. St.-Hil.) Mears ,
nome_aceito,Chamissoa altissima (Jacq.) Kunth,
sinonimo,Chenopodium ambrosioides L. ,Dysphania ambrosioides (L.) Mosyakin & Clemants
nome_aceito,Gomphrena demissa Mart.,
nome_aceito,Gomphrena elegans Mart.,
sinonimo,Hebanthe paniculata Mart.,Hebanthe eriantha (Poir.) Pedersen
nome_aceito,Pfaffia glomerata (Spreng.) Pedersen,
sinonimo,Pfaffia pulverulenta (Mart.) Kuntze,Hebanthe pulverulenta Mart.
nome_aceito,Pfaffia iresinoides (Kunth) Spreng.,
sinonimo,Salicornia ambigua Michx.,Sarcocornia perennis (Mill.) A.J.Scott
sinonimo,Salicornia gaudichaudiana Moq.,Salicornia fruticosa L.
nome_aceito,Crinum americanum L.,
nao_encontrado,Hyppeastrum angustifolium Pax,
nome_aceito,Schinus terenbinthifolius Raddi.,
nome_aceito,Centella asiatica (L.) Urban ,
nome_aceito,Eryngium ebracteatum Lam.,
nome_aceito,Eryngium eburneum Decne.,
nome_aceito,Eryngium ekmanii H. Wolff,
nome_aceito,Eryngium pandanifolium Cham. & Schltdl. ,
nome_aceito,Hydrocotyle ranunculoides L. f. ,
nome_aceito,Hydrocotyle verticillata Thunb. ,
nome_aceito,Lilaeopsis attenuata (Hook. & Arn.) Fernald ,
nome_aceito,Lilaeopsis brasiliensis (Glaz.) Affolter,
nome_aceito,Lilaeopsis carolinensis J.M. Coult. & Rose ,
nome_aceito,Lilaeopsis tenuis A. W. Hill,
nome_aceito,Allamanda cathartica L.,
nome_aceito,Allamanda nobilis T. Moore,
nome_aceito,Ditassa hastata Decne.,
nome_aceito,Mandevilla clandestina J.F. Morales,
nome_aceito,Mandevilla hirsuta (A.Rich.) K. Schum. ,
nome_aceito,Mandevilla tenuifolia (Mikan) Woodson,
nome_aceito,Odontadenia nitida (Vahl) Müll. Arg. ,
nome_aceito,Oxypetalum pachyglossum Decne.,
nome_aceito,Oxypetalum tubatum Malme ,
nome_aceito,Rhabdadenia biflora (Jacq.) Müll. Arg.,
nome_aceito,Rhabdadenia madida (Vell.) Miers ,
nao_encontrado,Rhabdanenia pohlii Mull. Arg.,
nome_aceito,Alocasia macrorrhiza (L.) Schott.,
nome_aceito,Colocasia esculenta (L.) Schott.,
nome_aceito,Dracontium longipes Engl. ,
nome_aceito,Landoltia punctata (G. Mey.) Les & D.J. Crawford,
nome_aceito,Lemna aequinoctialis Welw.,
nome_aceito,Lemna gibba L.,
nome_aceito,Lemna minuta L. ,
nome_aceito,Lemna valdiviana Phil. ,
nome_aceito,Montrichardia arborescens (L.) Schott,
nao_encontrado,Montrichiardia linifera (Arruda) Schott,
nome_aceito,Philodendron brasiliense Engl.,
nome_aceito,Philodendron rudgeanum Schott,
nome_aceito,Pistia stratioides L.,
nome_aceito,Spirodela intermedia W. Koch,
nome_aceito,Urospatha sagittifolia (Rudge) Schott,
nome_aceito,Wolffia arrhiza (L.) Horkel ex Wimm.,
nome_aceito,Wolffia brasiliensis Wedd. ,
nome_aceito,Wolffia columbiana H. Karst.,
nome_aceito,Wolffiella lingulata (Hegelm.) Hegelm.,
nao_encontrado,Wollffiella oblonga (Phil.) Hegelm. ,
nome_aceito,Wolffiella welwitschii (Hegelm.) Monod,
nome_aceito,Xanthosoma aristiguietae (Bunt.) Madison,
nome_aceito,Zantedeschia aethiopica (L.) Spr.,
nome_aceito,Hydrocotyle bonariensis Lam. ,
nome_aceito,Hydrocotyle leucocephala Cham. & Schltdl. ,
nao_encontrado,Hydrolotyle pussilla A. Rich.,
nome_aceito,Hydrocotyle ranunculoides L.f.,
nome_aceito,Hydrocotyle verticillata Thumb. ,
nome_aceito,Bactris maraja Mart. ,
nome_aceito,Mauritia carana Wallace,
nome_aceito,Mauritiella armata (Mart.) Burret ,
sinonimo,Aristolochia macroura Gomes,Aristolochia trilobata L.
nao_encontrado,Roullinia montevidensis (Spr.) Malme,
nome_aceito,Acanthospermum australe (Loef.) Kuntze,
nome_aceito,Acanthospermum hispidum DC. ,
nome_aceito,Achyrocline alata (Kunth) DC. ,
nao_encontrado,Acilepdopsis echitifolia (Mart. Ex DC.) H. Rob.,
nome_aceito,Acmella uliginosa (Sw.) Cass.,
nome_aceito,Adenostemma brasilianum (Pers.) Cass.,
nome_aceito,Ageratum conyzoides L.,
nome_aceito,Ambrosia artemisiaefolia L.,
sinonimo,Aster squamatus (Spreng) Hier.,Symphyotrichum squamatum (Spreng.) G.L.Nesom
nome_aceito,Baccharis microcephala Baker ,
nome_aceito,Baccharis penningtonii Heering.,
nome_aceito,Baccharis spicata (Lam.) Baill.,
sinonimo,Baccharis usteri Heering,Baccharis junciformis DC.
nome_aceito,Baccharidastrum triplinerve (Less.) Cabrera,
nome_aceito,Barrosoa betonicaeformis (DC.) R.M.King & H.Rob.,
nome_aceito,Bidens laevis (L.) B.S.P. ,
nome_aceito,Blainvillea dichotoma (Murray) Stewart,
nome_aceito,Centratherum punctatum Cass.,
nome_aceito,Calea marginata S. F. Blake,
nome_aceito,Campuloclinium purpurascens (Sch. Bip.) R.M. King & H. Rob.,
nome_aceito,Chaptalia graminifolia (Dusen) Cabr.,
nome_aceito,Chrysolaena platensis (Spreng.) H. Robins. ,
nome_aceito,Clibadium amanii (Balb.) Sch. Bip. ex Baker,
nome_aceito,Conyza bonariensis (L.) Cronquist,
nome_aceito,Conyza sumatrensis (Retz.) E.Walker ,
nome_aceito,Cotula coronopifolia L. ,
nome_aceito,Delilia biflora (L.) Kuntze ,
nome_aceito,Eclipta megapotamica (Spreng.) Sch.Bip. ex S.F.Blake ,
nome_aceito,Eclipta prostrata (L.) L.,
nome_aceito,Egletes viscosa (L.) Less. ,
nome_aceito,Elephantopus mollis Kunth,
sinonimo,Emilia coccinea (Sims) G. Don,Emilia fosbergii Nicolson
nome_aceito,Emilia sonchifolia (L.) DC. ex Wight,
nome_aceito,Enydra anagallis Gardner ,
nome_aceito,Enydra radicans (Willd.) Lack.,
nome_aceito,Enydra sessilis (SW.) DC. ,
nome_aceito,Enydra virularis Gardner,
nome_aceito,Erechtites hieracifolia (L.) Rafin,
nome_aceito,Erechtites hieracifolius (L.) Raf. ex DC.,
nome_aceito,Erechtites valerianifolius (Link ex Spreng.) DC.,
sinonimo,Erigeron maximus (D. Don) DC.,Leptostelma maxima D.Don
sinonimo,Eupatorium bupleurifolium DC.,Campovassouria cruciata (Vell.) R.M.King & H.Rob.
sinonimo,Eupatorium candolleanum Hook. & Arn.,Barrosoa candolleana (Hook. & Arn.) R.M.King & H.Rob.
sinonimo,Eupatorium subhastatum Hook. & Arn.,Badilloa steetzii (B.L.Rob.) R.M.King & H.Rob.
sinonimo,Eupatorium tremulum Hook. & Arn.,Raulinoreitzia tremula (Hook. & Arn.) R.M.King & H.Rob.
nome_aceito,Eupatorium tweedianum Hook. & Arn.,
nome_aceito,Gamochaeta americana (Mill.) Wedd.,
sinonimo,Gnaphalium spicatum Mill. ,Gnaphalium coarctatum Willd.
nome_aceito,Grazielia intermedia (DC.) R. M. King & H. Robins,
nome_aceito,Gymnocoronis spilanthoides DC. ,
nome_aceito,Jaegeria hirta (Lag.) Less. ,
nome_aceito,Jungia floribunda Less.,
nome_aceito,Lepidaploa chalybaea (Mart. Ex DC.) H. Rob.,
nome_aceito,Lessingianthus glabratus (Less.) H. Rob.,
nome_aceito,Mikania congesta DC. ,
nome_aceito,Mikania cordifolia (L. f.) Willd.,
nome_aceito,Mikania micrantha Kunth ,
nome_aceito,Mikania periplocifolia Hook. And Arn.,
nome_aceito,Pacourina edulis Aubl. ,
nome_aceito,Picrosia longifolia D. Don,
nome_aceito,Pluchea sagittalis (Lam.) Cabrera,
nome_aceito,Praxelis sanctopaulensis (B.L. Rob.) R.M. King & H. Rob.,
nome_aceito,Pterocaulon balansae  Chodat,
nome_aceito,Richterago radiata (Vell.) Roque,
nome_aceito,Rolandra fruticosa (L.) Kuntze,
nome_aceito,Senecio bonariensis Hook.& Arn. ,
nome_aceito,Senecio erisithalifolius Sch. Bip. Ex Baker,
nome_aceito,Senecio icoglossus DC.,
nome_aceito,Senecio mattfeldianus Cabr.,
nome_aceito,Senecio tweediei Hook. & Arn. ,
nome_aceito,Sonchus oleraceus L. ,
nome_aceito,Sphagneticola trilobata (L.) Pruski,
nome_aceito,Synedrella nodiflora (L.) Gaertn.,
nome_aceito,Tilesia baccata (L.f.) Pruski ,
nome_aceito,Trichospira verticillata (L.) S.F.Blake,
nome_aceito,Vernonanthura beyrichii (Less) H. Rob.,
nome_aceito,Vernonanthura brasiliana (L.) H.Rob. ,
sinonimo,Vernonia scorpioides (Lam) Pers.,Cyrtocymura scorpioides (Lam.) H.Rob.
sinonimo,Wedelia alagoensis Baker,Wedelia villosa Gardner
nome_aceito,Wedelia calycina Rich. ,
nome_aceito,Impatiens wallerana Hook. F. ,
nome_aceito,Begonia cucullata Willd.,
nome_aceito,Begonia fischeri Schrank,
nome_aceito,Begonia hirtella Link,
nome_aceito,Begonia reniformis Dryand.,
nome_aceito,Pleonotoma clematis (Kunth) Miers ,
nome_aceito,Tanaecium pyramidatum (Rich.) L.G.Lohmann ,
nome_aceito,Tynanthus polyanthus (Bureau) Sandwith ,
sinonimo,Cordia curassavica (Jacq.) Roem. and Schult.,Varronia curassavica Jacq.
sinonimo,Cordia multispicata Cham.,Varronia multispicata (Cham.) Borhidi
nome_aceito,Cordia superba Cham. ,
nome_aceito,Cordia tetrandra Aubl.,
nome_aceito,Euploca procumbens (Mill.) Diane & Hilger,
nome_aceito,Heliotropium angiospermum Murray,
nome_aceito,Heliotropium elongatum (Lehm.) I.M. Johnst.,
nome_aceito,Heliotropium indicum L.,
sinonimo,Heliotropium procumbens Mill.,Euploca procumbens (Mill.) Diane & Hilger
nome_aceito,Tournefortia bicolor Sw.,
nome_aceito,Cardamine bonariensis Pers. ,
nome_aceito,Nasturtium officinale R. Br.,
nome_aceito,Burmannia australis Malme,
nome_aceito,Burmannia capitata (Walter ex J.F.Gmel.) Mart. ,
nome_aceito,Burmannia flava Mart. ,
nome_aceito,Cabomba aquatica Aublet.,
nome_aceito,Cabomba caroliniana A. Gray,
nome_aceito,Cabomba furcata Schult. & Schult.f. ,
nome_aceito,Cabomba haynesii Wiersema,
nome_aceito,Centropogon cornutus (L.) Druce,
nome_aceito,Lobelia anceps L. f.,
nome_aceito,Lobelia aquatica Cham.,
nome_aceito,Lobelia camporum Pohl,
nome_aceito,Lobelia exaltata Pohl,
nome_aceito,Lobelia fistulosa Vell.,
nome_aceito,Lobelia nummularioides Cham.,
nome_aceito,Lobelia xalapensis Kunth,
sinonimo,Pratia hederacea (Cham.) G. Don ,Lobelia hederacea Cham.
nome_aceito,Siphocampylus sulfereus Wimmer,
nome_aceito,Canna indica L.,
nome_aceito,Canna glauca L. ,
nome_aceito,Canna xgeneralis L.H. Bailey,
nome_aceito,Aneilema umbrosum (Vahl) Kunth ,
nome_aceito,Callisia filiformis (M.Martens & Galeotti) D.R.Hunt ,
nome_aceito,Commelina diffusa Burm.f.,
nome_aceito,Commelina erecta L.,
sinonimo,Commelina nudiflora L.,Murdannia nudiflora (L.) Brenan
nome_aceito,Commelina obliqua Vahl,
sinonimo,Commelina schomburgkiana Klotzsch,Commelina longicaulis Jacq.
nome_aceito,Dichorisandra hexandra (Aubl.) Kuntze ex Hand.-Mazz. ,
nome_aceito,Floscopa glabrata (Kunth) Hassk. ,
nome_aceito,Tripogandra diuretica (Mart.) Handlos,
nao_encontrado,Anisea cernua Moric.,
nome_aceito,Aniseia martinicensis(Jacq.) Choisy ,
nome_aceito,Cressa truxillensis Kunth,
nome_aceito,Evolvulus filipes Mart.,
nome_aceito,Evolvulus nummularius (L.) L. ,
nome_aceito,Evolvulus pohlli Meiss.,
nome_aceito,Ipomoea alba L.,
nome_aceito,Ipomoea aquatica Forssk. ,
nome_aceito,Ipomoea asaralifolia Poir.,
nome_aceito,Ipomoea asarifolia (Desr.) Roem. & Schult.,
nome_aceito,Ipomoea batatas (L.) Poir. ,
nome_aceito,Ipomoea cairica (L.) Sweet ,
nome_aceito,Ipomoea carnea Jacq.,
nome_aceito,Ipomoea cynanchifolia Meisn. ,
nome_aceito,Ipomoea fimbriosepala Choisy,
sinonimo,Ipomoea fistulosa Mart. ex. Choisy ,Ipomoea carnea subsp. fistulosa (Mart. ex Choisy) D.F.Austin
nome_aceito,Ipomoea indivisa (Vell.) Hall.,
nome_aceito,Ipomoea philomega (Vell.) House ,
nome_aceito,Ipomoea quamoclit L. ,
nome_aceito,Ipomoea setifera Poir. ,
nome_aceito,Ipomoea setosa Ker Gawl.,
sinonimo,Ipomoea serpens Meissner,Ipomoea maurandioides Meisn.
nome_aceito,Ipomoea squamosa Choisy ,
nome_aceito,Ipomoea subrevoluta Choisy,
nome_aceito,Ipomoea wrightii A. Gray,
nome_aceito,Iseia luxurians (Moric.) O’Donell ,
nome_aceito,Jacquemontia heterantha (Nees & Mart.) Hallier f.,
nome_aceito,Merremia aegyptia (L.) Urb.,
nome_aceito,Merremia umbellata (L.) Hallier f.,
nome_aceito,Operculina hamiltonii (G.Don) D.F.Austin & Staples ,
nome_aceito,Tetralocularia pennellii O’Donell ,
nome_aceito,Costus arabicus L.,
nome_aceito,Costus spirales (Jacq.) Roscoe ,
nome_aceito,Crassula peduncularis (Sm.) Meigen,
nome_aceito,Cyclanthera hystrix (Gillies) Arn.,
sinonimo,Elaterium amazonicum Mart. ,Rytidostylis amazonica (Mart. ex Cogn.) Spruce ex Kuntze
nome_aceito,Fevillea trilobata L.,
nome_aceito,Gurania bignoniacea (Poepp. & Endl.) C.Jeffrey ,
nome_aceito,Gurania tricuspidata Cogn. ,
nome_aceito,Luffa operculata (L.) Cogn. ,
nome_aceito,Momordica charantia L. ,
nome_aceito,Halodule emarginata Hartog,
nome_aceito,Halodule wrightii Asch.,
nome_aceito,Abildgaardia ovata (Burm. f.) Kral ,
nome_aceito,Becquerelia cymosa Brongn.,
nome_aceito,Becquerelia muricata Nees,
nome_aceito,Bulbostylis capillaris (L.) Kunth ex C.B. Clarke,
nome_aceito,Bulbostylis hirtella (Schrad. ex Schult.) Nees ex Urb.,
nome_aceito,Bulbostylis junciformis (Kunth) C.B.Clarke,
nome_aceito,Bulbostylis juncoides (Vahl) Kük. ,
nome_aceito,Bulbostylis sellowiana (Kunth) Palla,
nome_aceito,Bulbostylis truncata (Nees) M.T. Strong ,
sinonimo,Calyptrocarya longifolia (Rudge) Kunth,Calyptrocarya glomerulata (Brongn.) Urb.
nome_aceito,Carex brasiliensis A. St.-Hil. ,
nome_aceito,Carex pseudocyperus L.,
sinonimo,Cladium jamaicense Crantz ,Cladium mariscus subsp. jamaicense (Crantz) Kük.
nome_aceito,Cyperus aggregatus (Willd.) Endl.,
nome_aceito,Cyperus amabilis Vahl ,
nome_aceito,Cyperus articulatus L. ,
sinonimo,Cyperus aristatus Rottb.,Cyperus squarrosus L.
nome_aceito,Cyperus barrosianus Herter,
nome_aceito,Cyperus berroi (C.B. Clarke) Barros ,
nome_aceito,Cyperus brevifolius (Rottb.) Hassk.,
sinonimo,Cyperus cayennensis Willd. ex Link,Cyperus aggregatus (Willd.) Endl.
sinonimo,Cyperus celluloso-reticulatus Boeck.,Cyperus cellulosoreticulatus Boeckeler
nome_aceito,Cyperus chalaranthus J.Presl & C.Presl ,
nome_aceito,Cyperus compressus L. ,
nome_aceito,Cyperus cornelii-ostenii Kuk.,
nome_aceito,Cyperus corymbosus Rottb.,
nome_aceito,Cyperus cuspidatus Kunth,
sinonimo,Cyperus diffusus Vahl,Cyperus laxus Lam.
nome_aceito,Cyperus digitatus Roxb.,
nome_aceito,Cyperus distans L. f. ,
nome_aceito,Cyperus eragrostis Lam,
nome_aceito,Cyperus esculentus L. ,
sinonimo,Cyperus fistulosus Ehrenb. ex Boeckeler,Cyperus articulatus L.
nome_aceito,Cyperus gardneri Nees ,
nome_aceito,Cyperus giganteus Vahl,
nome_aceito,Cyperus haspan L. ,
nome_aceito,Cyperus hermaphroditus (Jacq.) Standl.,
nome_aceito,Cyperus imbricatus Retz.,
nome_aceito,Cyperus intricatus Schrad. Ex Schult.,
sinonimo,Cyperus involucratus Rottb.,Cyperus alternifolius L.
nome_aceito,Cyperus iria L.,
sinonimo,Cyperus laetus Kunth,Cyperus rigens C.Presl
nome_aceito,Cyperus lanceolatus Poir.,
nome_aceito,Cyperus laxus Lam.,
nome_aceito,Cyperus ligularis L. ,
nome_aceito,Cyperus luzulae (L) Retz.,
nome_aceito,Cyperus megapotamicus Kunth ,
nome_aceito,Cyperus mundtii (Nees) Kunth ,
nome_aceito,Cyperus obtusatus (J. & C. Presl) Mattf. & Kuk.,
nome_aceito,Cyperus odoratus L.,
nome_aceito,Cyperus papyrus L.,
sinonimo,Cyperus polystachyus R. Br.,Cyperus flavescens L.
nome_aceito,Cyperus prolixus Kunth ,
nome_aceito,Cyperus reflexus Vahl,
nome_aceito,Cyperus rigens C. Presl ,
nome_aceito,Cyperus rotundus L.,
nome_aceito,Cyperus sesquiflorus (Tor.) Mattf. et Kiik ,
nome_aceito,Cyperus surinamensis Rottb.,
nome_aceito,Cyperus uncinulatus Schrad. ex Nees,
nome_aceito,Cyperus virens Michx. ,
nome_aceito,Dialium guianense (Aubl.) Sandwith,
sinonimo,Diplacrum longifolium (Griseb.) C.B. Clarke,Diplacrum capitatum (Willd.) Boeckeler
nome_aceito,Eleocharis acutangula (Roxb.) Schult. ,
nome_aceito,Eleocharis atropurpurea (Retz.) Kunth ,
nome_aceito,Eleocharis barrosii Svenson ,
nome_aceito,Eleocharis bonariensis Nees,
nome_aceito,Eleocharis capillacea Kunth ,
nome_aceito,Eleocharis debilis Kunth,
sinonimo,Eleocharis elata Boeck. ,Eleocharis plicarhachis (Griseb.) Svenson
nome_aceito,Eleocharis elegans (H.B.K.) Roem. & Schult. ,
nome_aceito,Eleocharis elongata Chapman ,
nome_aceito,Eleocharis equisetoides (Elliott.) Torr.,
nome_aceito,Eleocharis filiculmis Kunth,
sinonimo,Eleocharis fistulosa Schult.,Eleocharis acutangula (Roxb.) Schult.
nome_aceito,Eleocharis flavescens (Poir.) Urban ,
nome_aceito,Eleocharis geniculata  (L.) Roem. & Schult. ,
nome_aceito,Eleocharis interstincta (Vahl) Roem. & Schult.,
nome_aceito,Eleocharis maculosa (Vahl) R. Br. ,
nome_aceito,Eleocharis minarum Boeck,
nome_aceito,Eleocharis minima Kunth,
nome_aceito,Eleocharis montana (Vahl) Roem. & Schult.,
nome_aceito,Eleocharis mutata (L.) Roem. & Schult. ,
nome_aceito,Eleocharis nana Kunth ,
sinonimo,Eleocharis nodulosa (Roth) Schult. ,Eleocharis montana (Kunth) Roem. & Schult.
nome_aceito,Eleocharis nudipes (Kunth) Palla ,
nome_aceito,Eleocharis radicans (Poir) Kunth ,
nome_aceito,Eleocharis retroflexa (Poir.) Urb. ,
nome_aceito,Eleocharis sellowiana Kunth,
nome_aceito,Eleocharis subarticulata (Nees) Boeck. ,
nome_aceito,Eleocharis umbellata Rottb.,
nome_aceito,Fimbristylis aestivalis (Retz.) Vahl ,
nome_aceito,Fimbristylis autumnalis (L.) Roem. & Schult.,
nome_aceito,Fimbristylis complanata (Retz.) Link.,
nome_aceito,Fimbristylis cymosa R.Br. ,
nome_aceito,Fimbristylis dichotoma (L.) Vahl ,
sinonimo,Fimbristylis diphylla (Reitz) Vahl,Fimbristylis dichotoma (L.) Vahl
nome_aceito,Fimbristylis miliacea (L.) Vahl ,
nome_aceito,Fimbristylis spadicea (L.) Vahl ,
nome_aceito,Fimbristylis squarrosa Vahl,
nome_aceito,Fuirena incompleta Nees,
nome_aceito,Fuirena robusta Kunth ,
nome_aceito,Fuirena umbellata Rottb.,
nome_aceito,Hyparrhenia rufa (Nees) Stapf,
sinonimo,Kyllinga odorata Vahl. ,Cyperus sesquiflorus (Torr.) Mattf. & Kük.
sinonimo,Kyllinga pumila Michx.,Cyperus hortensis (Salzm. ex Steud.) Dorr
sinonimo,Lipocarpha humboldtiana Nees ,Cyperus sellowianus (Kunth) T.Koyama
sinonimo,Lipocarpha micrantha (Vahl) G.C. Tucker,Cyperus subsquarrosus (Muhl.) Bauters
sinonimo,Lipocarpha salzmanniana Steud. ,Cyperus salzmannianus (Steud.) Bauters
sinonimo,Lipocarpha sellowiana Kunth,Cyperus sellowianus (Kunth) T.Koyama
sinonimo,Oxycaryum cubense (Poepp. & Kunth) Lye ,Cyperus blepharoleptos Steud.
sinonimo,Pycreus flavescens (L.) P. Beauv. ex Rchb.,Cyperus flavescens L.
sinonimo,Pycreus macrostachyos (Lam.) J. Raynal,Cyperus macrostachyos Lam.
sinonimo,Pycreus polystachyos (Rottb.) P.Beauv.,Cyperus polystachyos Rottb.
nome_aceito,Rhynchospora barbata (Vahl) Kunth,
nome_aceito,Rhynchospora brittonii Gale ,
nome_aceito,Rhynchospora cephalotes (L.) Vahl,
nome_aceito,Rhynchospora contracta (Nees) J. Raynal ,
nome_aceito,Rhynchospora corymbosa (L.) Britton ,
sinonimo,Rhynchospora cyperoides Mart. ,Rhynchospora holoschoenoides (Rich.) Herter
nome_aceito,Rhynchospora gigantea Link.,
nome_aceito,Rhynchospora holoschoenoides (Rich.) Herter,
nome_aceito,Rhynchospora marisculus Lindl. & Nees ,
nome_aceito,Rhynchospora nervosa (Vahl) Boeckeler,
nome_aceito,Rhynchospora pubera (Vahl) Boeckeler,
nome_aceito,Rhynchospora riparia (Nees) Boeck.,
nome_aceito,Rhynchospora schomburgkiana (Boeck.) T. Koyama ,
nome_aceito,Rhynchospora subplumosa C.B. Clarke ,
nome_aceito,Rhynchospora tenerrima Nees ex Spreng.,
nome_aceito,Rhynchospora tenuis Link ,
nome_aceito,Rhynchospora trispicata (Nees) Schrad.,
nome_aceito,Rhynchospora velutina (Kunth) Boeckeler ,
nome_aceito,Schoenoplectus californicus (C.A.Mey) Soják,
sinonimo,Scirpus americanus Pers.,Schoenoplectus americanus (Pers.) Volkart
sinonimo,Scirpus californicus (C.A.Mey.) Steud. ,Schoenoplectus californicus (C.A.Mey.) Soják
sinonimo,Scirpus cubensis  Poepp. & Kunth ,Oxycaryum cubense (Poepp. & Kunth) Palla
sinonimo,Scirpus giganteus Kunth ,Androtrichum trigynum (Spreng.) H.Pfeiff.
sinonimo,Scirpus maritimus L.,Bolboschoenus robustus (Pursh) Soják
sinonimo,Scirpus submersus C. Wright ,Eleocharis confervoides (Poir.) Steud.
nome_aceito,Scleria bracteata Cav.,
nome_aceito,Scleria distans Poir.,
nome_aceito,Scleria hirtella SW. ,
sinonimo,Scleria melaleuca Rchb.,Scleria gaertneri Raddi
nome_aceito,Scleria microcarpa Nees ex Kunth,
nome_aceito,Scleria mitis P.J.Bergius ,
sinonimo,Scleria pterota C. Presl,Scleria gaertneri Raddi
nome_aceito,Scleria secans (L.) Urb. ,
nome_aceito,Scleria soronia (Nees) Kunth,
sinonimo,Websteria confervoides (Poir.) S.S. Hooper,Eleocharis confervoides (Poir.) Steud.
nome_aceito,Dioscorea marginata Griseb.,
nome_aceito,Drosera communis A. St.-Hil.,
nome_aceito,Drosera intermedia Hayne ,
nome_aceito,Elatine lindbergii Rohrb.,
nome_aceito,Equisetum giganteum L.,
nome_aceito,Equisetum hyemale L.,
nome_aceito,Agarista chlorantha (Cham.) G. Don,
nome_aceito,Gaylussacia brasiliensis (Spreng.) Meisn.,
sinonimo,Eriocaulon angustifolium Körn,Eriocaulon aquatile Körn.
nome_aceito,Eriocaulon aquatile Korn.,
nome_aceito,Eriocaulon humboldtii Kunth ,
nome_aceito,Eriocaulon magnificum Ruhland ,
nome_aceito,Eriocaulon modestum Kunth ,
nome_aceito,Eriocaulon obtusum Ruhl.,
nome_aceito,Eriocaulon setaceum L.,
nome_aceito,Leiothrix pilulifera Ruhl. ,
nome_aceito,Leiothrix rufula  (A. St.-Hil.) Ruhl. ,
nome_aceito,Paepalanthus bifidus (Schrad.) Kunth ,
nome_aceito,Paepalanthus lamarckii Kunth ,
nome_aceito,Paepalanthus planifolius (Bong.) Koern.,
nome_aceito,Paepalanthus tortilis (Bong.) Mart.,
nome_aceito,Syngonanthus anomalus (Körn.) Ruhland ,
nome_aceito,Syngonanthus caulescens (Poir.) Ruhland ,
nome_aceito,Syngonanthus chrysanthus (Bong.) Ruhl.,
sinonimo,Syngonanthus glandulosus Gleason,Syngonanthus caulescens (Poir.) Ruhland
nome_aceito,Syngonanthus gracilis (Bong.) Ruhland,
nome_aceito,Syngonanthus oblongus (Körn.) Ruhland ,
sinonimo,Syngonanthus xeranthemoides (Bong.) Ruhland,Comanthera xeranthemoides (Bong.) L.R.Parra & Giul. var. xeranthemoides
nome_aceito,Tonina fluviatilis Aubl. ,
nome_aceito,Acalypha arvensis Poepp. ,
nome_aceito,Acalypha poiretii Spreng. ,
sinonimo,Argythamnia heteropetala (Didr.) Kuntze,Caperonia heteropetala Didr.
nome_aceito,Astraea lobata (L.) Klotzsch,
nome_aceito,Caperonia castaneifolia A. St.-Hil. ,
nome_aceito,Caperonia histrix Pax & Hoffm.,
nome_aceito,Caperonia palustris (L.) A.St.-Hil. ,
nome_aceito,Croton trinitatis Millsp. ,
nome_aceito,Dalechampia scandens L. ,
nome_aceito,Dalechampia tiliifolia Lam. ,
nome_aceito,Euphorbia hirta L.,
nome_aceito,Euphorbia hyssopifolia L.,
nome_aceito,Euphorbia prostrata Aiton,
nome_aceito,Euphorbia thymifolia L. ,
sinonimo,Sapium glandulatum (Vell.) Pax ,Sapium glandulosum (L.) Morong
nome_aceito,Sesbania schottiana (M. Arg.) M. Arg.,
nome_aceito,Tonina fluviatilis Aubl.,
nome_aceito,Adesmia latifolia (Spr.) Vogel,
nome_aceito,Aeschynomene americana L. ,
nome_aceito,Aeschynomene ciliata Vog. ,
nome_aceito,Aeschynomene denticulata Rudd.,
nome_aceito,Aeschynomene evenia C. Wright and Sauvalle,
nome_aceito,Aeschynomene filosa Mart. ,
nome_aceito,Aeschynomene fluminensis Vell. ,
nome_aceito,Aeschynomene indica L.,
nome_aceito,Aeschynomene mollicula L.,
nome_aceito,Aeschynomene montevidensis Vogel,
nome_aceito,Aeschynomene paniculata Willd. ex Vogel ,
nome_aceito,Aeschynomene rudis Benth. ,
nome_aceito,Aeschynomene scabra G.Don,
nome_aceito,Aeschynomene sensitiva Sw. ,
nome_aceito,"Aeschynomene virginica (L.) Britton, Sterns & Poggenb.",
nome_aceito,Anadenanthera colubrina (Vell.) Brenan,
nome_aceito,Calopogonium mucunoides Desv. ,
nome_aceito,Centrosema brasilianum (L.) Benth.,
nome_aceito,Centrosema pubescens Benth.,
nome_aceito,Chamaecrista calycioides (DC. ex Collad.) Greene ,
nome_aceito,Chamaecrista diphylla (L.) Greene ,
nome_aceito,Chamaecrista hispidula (Vahl) H.S.Irwin & Barneby,
nome_aceito,Chamaecrista nictitans (L.) Moench,
nome_aceito,Chamaecrista repens (Vogel) H.S.Irwin & Barneby ,
nome_aceito,Clitoria falcata Lam. ,
nome_aceito,Clitoria guianensis (Aubl.) Benth. ,
nome_aceito,Clitoria laurifolia Poir. ,
nome_aceito,Collaea speciosa (Loisel.) DC.,
nome_aceito,Crotalaria brevifolia DC.,
nome_aceito,Crotalaria micans Link ,
nome_aceito,Crotalaria nitens Kunth ,
nome_aceito,Crotalaria pallida Aiton ,
nome_aceito,Crotalaria pilosa Mill. ,
nome_aceito,Crotalaria sagittalis L. ,
nome_aceito,Cymbosema roseum Benth. ,
sinonimo,Dalbergia ecastophyllum (L.) Taub. ,Dalbergia ecastaphyllum (L.) Taub.
nome_aceito,Desmodium adscendens (Sw.) DC.,
nome_aceito,Desmodium barbatum (L.) Benth. ,
nome_aceito,Desmodium incanum (Sw.) DC.,
nome_aceito,Desmodium tortuosum (Sw.) DC.,
nome_aceito,Dioclea grandiflora Mart. ex Benth.,
nome_aceito,Dioclea guianensis Benth. ,
nome_aceito,Discolobium leptophyllum Benth.,
nome_aceito,Discolobium psoraliaefolium Benth. ,
nome_aceito,Discolobium pulchellum Benth. ,
nome_aceito,Eriosema simplicifolium (DC.) G. Don ,
nome_aceito,Erythrina crista-galli L.,
nome_aceito,Indigofera hirsuta L. ,
nome_aceito,Indigofera lespedezioides Kunth ,
nome_aceito,Indigofera sabulicola Benth.,
sinonimo,Inga affinis DC.,Inga vera subsp. affinis (DC.) T.D.Penn.
nome_aceito,Inga marginata Willd.,
nome_aceito,Inga sessilis (Vell.) Mart.,
sinonimo,Inga uruguensis Hook. & Arn.,Inga vera subsp. affinis (DC.) T.D.Penn.
nome_aceito,Lonchocarpus sericeus (Poir.) Kunth ex DC. ,
nome_aceito,Macrolobium multijugum (DC.) Benth. ,
nome_aceito,Macroptilium gracile (Poepp. ex Benth.) Urb. ,
nome_aceito,Macroptilium lathyroides (L.) Urb.,
nome_aceito,Mimosa bimucronata (DC.) Kuntze,
nome_aceito,Mimosa debilis Humb. & Bonpl. ex Willd. ,
nome_aceito,Mimosa dormiens Humb. & Bonpl. ex Willd. ,
nome_aceito,Mimosa invisa Mart. ex Colla ,
nome_aceito,Mimosa pellita Humb. & Bonpl. ex Willd. ,
nome_aceito,Mimosa pigra L.,
nome_aceito,Mimosa pudica L.,
nome_aceito,Mimosa setosa Benth. ,
nome_aceito,Neptunia oleracea Lour. ,
nome_aceito,Neptunia plena (L.) Benth.,
sinonimo,Neptunia prostrata (Lam.) Baill.,Neptunia oleracea Lour.
nome_aceito,Rhynchosia minima (L.) DC. ,
nome_aceito,Senna corymbosa (Lam.) Irwin & Barneby,
nome_aceito,Senna obtusifolia (L.) H.S.Irwin & Barneby,
nome_aceito,Senna occidentalis (L.) Link ,
nome_aceito,Senna reticulata (Willd.) H.S. Irwin & Barneby ,
nome_aceito,Senna uniflora (Mill.) H.S. Irwin & Barneby ,
nome_aceito,Sesbania exasperata Kunth ,
nome_aceito,Sesbania punicea (Cav.) Burkart ,
nome_aceito,Stylosanthes angustifolia Vog. ,
nome_aceito,Stylosanthes gracilis Kunth,
nome_aceito,Stylosanthes guianensis (Aubl.) Sw.,
nome_aceito,Stylosanthes scabra Vogel,
nome_aceito,Stylosanthes viscosa (L.) Sw.,
sinonimo,Tephrosia purpurea (L.) Pers. ,Tephrosia domingensis (Willd.) Pers.
nome_aceito,Teramnus volubilis Sw. ,
nome_aceito,Vachellia farnesiana (L.) Wight & Arn.,
nome_aceito,Vigna juruana (Harms) Verdc. ,
nome_aceito,Vigna lasiocarpa (Mart.ex Benth.) Verdc.,
nome_aceito,Vigna longifolia (Benth.) Verdc. ,
nome_aceito,Vigna luteola (Jacq.) Benth.,
nome_aceito,Zornia guanipensis Pittier ,
nome_aceito,Zornia latifolia Sm. ,
nome_aceito,Coutoubea ramosa Aubl. ,
nome_aceito,Coutoubea spicata Aubl. ,
nome_aceito,Curtia tenuifolia (Aubl.) Knobl. ,
sinonimo,Irlbachia alata (Aubl.) Maas,Chelonanthus alatus (Aubl.) Pulle
sinonimo,Irlbachia purpurascens (Aubl.) Maas,Chelonanthus purpurascens (Aubl.) Struwe et al.
nome_aceito,Schultesia benthamiana Klotzsch ,
nome_aceito,Schultesia brachyptera Cham. ,
nome_aceito,Schultesia gracilis Mart. ,
nome_aceito,Schultesia guianensis (Aubl.) Malme,
nome_aceito,Schultesia optera Cham.,
nome_aceito,Drymonia coccinea (Aubl.) Wiehler ,
nome_aceito,Sinningia elatior (Kunth) Chautems ,
nome_aceito,Schiekia orinocensis (Kunth) Meisn.,
nome_aceito,Laurembergia tetrandra (Schott) Kanitz,
nome_aceito,Myriophyllum aquaticum (Vell.) Verdc.,
sinonimo,Myriophyllum elatinoides Gaud.,Myriophyllum quitense Kunth
nome_aceito,Proserpinaca palustris L.,
nome_aceito,Heliconia marginata (Griggs) Pittier,
nome_aceito,Heliconia psittacorum L.f. ,
nome_aceito,Apalanthe granatensis (Bonpl.) Planch. ,
nome_aceito,Egeria densa Planch.,
nome_aceito,Egeria najas Planch.,
nome_aceito,Elodea canadensis Michx.,
nome_aceito,Halophila decipiens Ostenf.,
nome_aceito,Hydrilla verticillata (L.f.) Royle,
nome_aceito,Limnobium laevigatum (Humb. & Bonpl. ex Willd.) Heine ,
nome_aceito,Najas argurta Kunth,
nome_aceito,Najas conferta (A.Braun) A.Braun ,
nome_aceito,Najas guadalupensis (Spreng.) Magnus,
nome_aceito,Najas marina L.,
nome_aceito,Najas microcarpa K. Schum.,
sinonimo,Najas microdon A. Br.,Najas guadalupensis (Spreng.) Magnus subsp. guadalupensis
nome_aceito,Ottelia brasiliensis (Planch.) Walp. ,
nome_aceito,Hydrolea elatior Schott ,
nome_aceito,Hydrolea spinosa L.,
nome_aceito,Hypericum brasiliense Choisy ,
nome_aceito,Hypericum mutilum L.,
nome_aceito,Vismia cayennensis (Jacq.) Pers.,
nome_aceito,Curculigo scorzonerifolia (Lam.) Baker ,
nome_aceito,Hypoxis decumbens L.,
nome_aceito,Cipura paludosa Aubl. ,
nome_aceito,Sisyrinchium micranthum Cav.,
nome_aceito,Sisyrinchium vaginatum Spreng. ,
nome_aceito,Isoetes brasiliensis H.P. Fuchs,
nao_encontrado,Isoetes ekmanii Weber,
nome_aceito,Juncus acutus L.,
nome_aceito,Juncus bufonius L. ,
nome_aceito,Juncus capillaceus Lam. ,
nome_aceito,Juncus densiflorus Kunth,
nome_aceito,Juncus dichotomus Elliot,
sinonimo,Juncus dombeyanus J. Gay ex Lah. ,Juncus pallescens Lam.
nome_aceito,Juncus effusus L. ,
nome_aceito,Juncus marginatus Rostk. ,
nome_aceito,Juncus microcephalus Kunth ,
sinonimo,Juncus sellowianus Kunth,Juncus microcephalus Kunth
nome_aceito,Juncus scirpoides Lam. ,
nome_aceito,Lilaea scilloides (Poir.) Hauman ,
nome_aceito,Triglochin striata Ruiz & Pavon ,
nome_aceito,Hyptis atrorubens Poit.,
nome_aceito,Hyptis brevipes Poit. ,
nome_aceito,Hyptis caespitosa A. St.-Hil,
nome_aceito,Hyptis dilatata Benth. ,
sinonimo,Hyptis fasciculata Benth. ,Condea undulata (Schrank) Harley & J.F.B. Pastore
nome_aceito,Hyptis lacustris St-Hil ex Benth.,
nome_aceito,Hyptis lagenaria A. St.-Hil ex Benth,
nome_aceito,Hyptis lantaniifolia Poit. ,
nome_aceito,Hyptis lappacea Benth.,
nome_aceito,Hyptis lorentziana O. Hoffm. ,
sinonimo,Hyptis mutabilis (Rich.) Briq. ,Cantinoa mutabilis (Rich.) Harley & J.F.B.Pastore
nome_aceito,Hyptis parkeri Benth. ,
nome_aceito,Hyptis recurvata Poit. ,
sinonimo,Hyptis spicigera Lam. ,Cantinoa americana (Aubl.) Harley & J.F.B. Pastore
sinonimo,Hyptis suaveolens (L.) Poit.,Mesosphaerum suaveolens (L.) Kuntze
nome_aceito,Hyptis tetracephala Bordig.,
nome_aceito,Hyptis vilis Kunth & Bouché,
nome_aceito,Marsypianthes chamaedrys (Vahl) Kuntze ,
nome_aceito,Ocimum campechianum Mill.,
nome_aceito,Prunella vulgaris L. ,
nome_aceito,Salvia arenaria A. St.-Hil.,
nome_aceito,Salvia scabrida Pohl,
nome_aceito,Scutellaria minor Huds.,
nome_aceito,Vitex cymosa Bertero ex Spreng. ,
nome_aceito,Vitex megapotamica (Spreng.) Moldenke,
nome_aceito,Cassytha filiformis L. ,
nome_aceito,Genlisea filiformis A.St.- Hil.,
nome_aceito,Utricularia adpressa Salzm. ex. A. St. Hil. & Girard ,
nome_aceito,Utricularia breviscapa Wright ex Griseb.,
nome_aceito,Utricularia cucculata A.St.-Hil. & Girard,
nome_aceito,Utricularia erectiflora   A. St.-Hil. & Girard ,
nome_aceito,Utricularia fimbriata Kunth ,
nome_aceito,Utricularia foliosa L. ,
nome_aceito,Utricularia gibba L. ,
nome_aceito,Utricularia guyanensis A.DC.,
nome_aceito,Utricularia hydrocarpa Vahl,
sinonimo,Utricularia inflata L.,Utricularia breviscapa C.Wright ex Griseb.
nome_aceito,Utricularia juncea Vahl,
nome_aceito,Utricularia laciniata A. St.-Hil. and Girard,
nome_aceito,Utricularia laxa St. Hilaire & Girard ,
nome_aceito,Utricularia myriocista A.St.-Hil. & Girard,
nome_aceito,Utricularia nana A.St.-Hil. & Girard,
nome_aceito,Utricularia neottioides A. St. Hil. & Girard.,
nome_aceito,Utricularia nervosa Weber ex Benj.,
nome_aceito,Utricularia nigrescens Sylvén,
nome_aceito,Utricularia olivacea Wright ex. Girard,
nome_aceito,Utricularia physoceras P. Taylor,
nome_aceito,Utricularia praelonga A.St.-Hil. & Girard ,
nome_aceito,Utricularia poconensis Fromm-Trinta ,
nome_aceito,Utricularia pusilla Vahl,
nome_aceito,Utricularia reniformis A. St.-Hil.,
nome_aceito,Utricularia simulans Pilg.,
nome_aceito,Utricularia subulata L. ,
nome_aceito,Utricularia trichophylla Spruce ex. Oliver ,
nome_aceito,Utricularia tricolor  A. St.-Hil,
nome_aceito,Utricularia triloba Benj. ,
nome_aceito,Utricularia warmingii Kamiénski,
nome_aceito,Lindernia crustacea (L.) F.Muell. ,
nome_aceito,Lindernia diffusa (L.) Wettst. ,
nome_aceito,Lindernia microcalyx Pennell and Stehlé,
nome_aceito,Lindernia rotundifolia (L.) Alston,
nome_aceito,Torenia thouarsii (Cham. & Schltdl.) Kuntze ,
nome_aceito,Spigelia anthelmia L.,
nome_aceito,Ammannia auriculata Willd.,
nome_aceito,Ammannia latifolia L. ,
nome_aceito,Cuphea antisyphilitica Kunth ,
nome_aceito,Cuphea arenarioides A. St.-Hil.,
nome_aceito,Cuphea campestris Koehne,
nome_aceito,Cuphea carthagenensis (Jacq.) Macbride ,
nome_aceito,Cuphea circaeoides Sm. ex Sims,
nome_aceito,Cuphea fruticosa Spreng.,
nome_aceito,Cuphea ingrata Cham. & Schltdl.,
nome_aceito,Cuphea melvilla Lindl.,
nome_aceito,Cuphea racemosa (L.f.) Spreng,
nome_aceito,Cuphea repens Koehne,
nome_aceito,Cuphea sessiliflora A. St.-Hil.,
sinonimo,Heimia myrtifolia Cham. & Schltdl.,Heimia apetala (Spreng.) S.A.Graham & Gandhi
nome_aceito,Lythrum hyssopifolia L.,
nome_aceito,Pleurophora anomala (A. St.-Hil.) Koehne,
nome_aceito,Rotala mexicana Schltdl. & Cham.,
nome_aceito,Rotala ramosior (L.) Koehne ,
nome_aceito,Rotala rotundifolia (Roxb.) Koehne,
nome_aceito,Byrsonima intermedia A. Juss.,
nome_aceito,Byttneria genistella Triana & Planch. ,
nome_aceito,Byttneria palustris Cristobal,
nome_aceito,Byttneria ramosissima Pohl,
nome_aceito,Byttneria scabra L.,
nome_aceito,Corchorus argutus Kunth,
nome_aceito,Corchorus hirtus L. ,
nome_aceito,Helicteres guazumifolia Kunth ,
nome_aceito,Hibiscus bifurcatus Cav. ,
sinonimo,Hibiscus cisplatinus A.St.-Hil.,Hibiscus striatus Cav.
nome_aceito,Hibiscus dimidiatus Schrank ,
nome_aceito,Hibiscus diversifolius Jacq.,
nome_aceito,Hibiscus furcellatus Ders. ,
nome_aceito,Hibiscus sororius L.,
nome_aceito,Hibiscus striatus Cav.,
nome_aceito,Malachra radiata L.,
nome_aceito,Melochia arenosa Benth.,
nome_aceito,Melochia graminifolia A. St.-Hil. ,
sinonimo,Melochia hirsuta Cav.,Melochia villosa (Mill.) Fawc. & Rendle var. villosa
nome_aceito,Melochia simplex A. St.-Hil.,
sinonimo,Melochia spicata (L.) Fryxell ,Malva spicata L.
nome_aceito,Monteiroa ptarmicifolia (St.-Hil & Naud.) Krap.,
nome_aceito,Pavonia angustifolia Benth. ,
nome_aceito,Pavonia cancellata Cav. ,
nome_aceito,Pavonia grandiflora A. St.-Hil. ,
nome_aceito,Pavonia laetevirens R. E. Fr.,
sinonimo,Pavonia sessiliflora Kunth,Peltaea sessiliflora (Kunth) Standl.
nome_aceito,Sida acuta Burm. f. ,
nome_aceito,Sida anomala A. St. Hil. ,
nome_aceito,Sida galheirensis Ulbr.,
nome_aceito,Sida rhombifolia L.,
nome_aceito,Sida setosa Mart. ,
nome_aceito,Sida spinosa L.,
nome_aceito,Sidastrum multiflorum (Jacq.) Fryxell,
nome_aceito,Triumfetta althaeoides Lam.,
nome_aceito,Urena lobata L.,
sinonimo,Waltheria americana L.,Waltheria indica L.
nome_aceito,Waltheria indica L. ,
sinonimo,Calathea capitata (Ruiz & Pav.) Lindl. ,Goeppertia capitata (Ruiz & Pav.) Borchs. & S.Suárez
sinonimo,Calathea comosa (L. f.) Lindl. ,Goeppertia comosa (L.f.) Borchs. & Suárez
sinonimo,Calathea lanata Petersen ,Goeppertia lanata (Petersen) Borchs. & S.Suárez
sinonimo,Calathea loeseneri J.F. Macbr. ,Goeppertia loeseneri (J.F.Macbr.) Borchs. & S.Suárez
sinonimo,Calathea micans (L. Mathieu) Körn. ,Goeppertia micans (L.Mathieu) Borchs. & S.Suárez
nome_aceito,Ischnosiphon polyphyllus (Poepp. & Endl.) Körn. ,
nome_aceito,Thalia multiflora Horkel ex Koern.,
nome_aceito,Thalia geniculata L.,
nome_aceito,Mayaca fluviatilis Aubl.,
nome_aceito,Mayaca kunthii Seub.,
nome_aceito,Mayaca longipes Mart. ex Seub. ,
nome_aceito,Mayaca sellowiana Kunth ,
nome_aceito,Aciotis acuminifolia (Mart. ex DC.) Triana ,
nome_aceito,Aciotis ornata (Miq.) Gleason ,
nome_aceito,Acisanthera alsinaefolia (DC.) Triana,
nome_aceito,Acisanthera divaricarta Cogn.,
sinonimo,Acisanthera fluitans Cogn.,Acisanthera limnobios (Schrank & Mart. ex DC.) Triana
nome_aceito,Acisanthera limnobios (DC.) Triana ,
nome_aceito,Acisanthera variabilis (DC.) Triana,
nome_aceito,Cambessedesia hilariana (Kunth) DC.,
nome_aceito,Clidemia capitellata (Bonpl.) D. Don ,
nome_aceito,Clidemia hirta D.Don ,
nome_aceito,Comolia villosa (Aubl.) Triana,
nome_aceito,Desmoscelis villosa (Aubl.) Naudin ,
nome_aceito,Lavoisiera umbricata DC.,
nome_aceito,Leandra multiplinervis (Naudin) Cogn.,
nao_encontrado,Maicarea radula (Bonpl.) DC.,
nome_aceito,Miconia chamissois Naud.,
sinonimo,Microlepis oleifolia (DC.) Triana,Pleroma oleifolium R. Romero & Versiane
nome_aceito,Microlicia myrtoidea Cham.,
nome_aceito,Pterolepis glomerata (Rottb.) Miq. ,
nome_aceito,Pterolepis repanda (DC.) Triana,
nome_aceito,Rhynchanthera cordata DC.,
nome_aceito,Rhynchanthera dichotoma (Desr.) DC. ,
nome_aceito,Rhynchanthera grandiflora (Aubl.) DC.,
nome_aceito,Rhynchanthera hispida Naudin,
nome_aceito,Rhynchanthera novemnervia DC. ,
nome_aceito,Rhynchanthera serrulata (L. C. Rich.) DC. ,
nome_aceito,Rhynchanthera verbenoides Cham.,
nome_aceito,Tibouchina aspera Aubl.,
sinonimo,Tibouchina asperior (Cham.) Cogn. ,Pleroma asperior (Cham.) Triana
nome_aceito,Tibouchina cerastifolia (Naudin) Cogn. ,
nome_aceito,Tibouchina cisplatensis Cogn. ,
sinonimo,Tibouchina gracilis (Bonpl.) Cogn. ,Chaetogastra gracilis (Bonpl.) DC.
nome_aceito,Tibouchina herbacea (DC.) Cogn. ,
nome_aceito,Tibouchina sebastianopolitana (Raddi) Cogn.,
sinonimo,Tibouchina semidecandra Cogn.,Pleroma semidecandrum (Schrank et Mart. ex DC.) Triana
sinonimo,Tibouchina trichopoda (DC.) Baill.,Pleroma trichopodum DC.
sinonimo,Tibouchina urceolaris (Schr. & Mart. ex DC.),Pleroma urceolare (Schrank et Mart. ex DC.) Triana
nome_aceito,Cissampelos andromorpha DC. ,
nome_aceito,Cissampelos glaberrima A. St.-Hil. ,
sinonimo,Odontocarya arifolia Barneby ,Odontocarya membranacea (A.C. Sm.) R. Ortiz
nome_aceito,Odontocarya tamoides (DC.) Miers ,
nome_aceito,Nymphoides grayana (Griseb.) Kuntze ,
nome_aceito,Nymphoides humboldtiana (Kunth) Kuntze ,
nome_aceito,Nymphoides indica (L.) Kuntze,
nome_aceito,Glinus radiatus (Ruiz & Pav.) Rohr.,
nome_aceito,Mollugo verticillata L.,
nome_aceito,Psidium acutangulum DC. ,
nome_aceito,Psidium cattleianum Sabine ,
nome_aceito,Nymphaea alba  L. ,
nome_aceito,Nymphaea amazonum Mart. & Zucc.,
nome_aceito,Nymphaea ampla (Salisb.) DC.,
nome_aceito,Nymphaea belophylla Trickett ,
nome_aceito,Nymphaea caerulea Savigny ,
nome_aceito,Nymphaea capensis Thunb.,
nome_aceito,Nymphaea gardneriana Planch.,
nome_aceito,Nymphaea jamesoniana Planch. ,
nome_aceito,Nymphaea lasiophylla Mart. & Zucc. ,
nome_aceito,Nymphaea lingulata Wiersema ,
nome_aceito,Nymphaea lotus L.,
nome_aceito,Nymphaea mexicana Zucc.,
nome_aceito,Nymphaea odorata Aiton,
nome_aceito,Nymphaea oxypetala Planch. ,
nome_aceito,Nymphaea prolifera Wiersema ,
nome_aceito,Nymphaea pulchella DC. ,
nome_aceito,Nymphaea rubra Roxb. Ex. Salisb,
nome_aceito,Nymphaea rudgeana G.Mey,
nome_aceito,Victoria amazonica (Poepp.) J.E. Sowerby ,
nome_aceito,Sauvagesia erecta L. ,
nome_aceito,Sauvagesia racemosa A. St.-Hil.,
nome_aceito,Sauvagesia rubiginosa A.St.-Hil. ,
nome_aceito,Sauvagesia sprengelii A.St.-Hil.,
nome_aceito,Ludwigia affinis (DC.) H. Hara ,
nome_aceito,Ludwigia caparosa (Cambess.) H. Hara ,
nome_aceito,Ludwigia decurrens Walter ,
nome_aceito,Ludwigia densiflora (Micheli) H. Hara ,
nome_aceito,Ludwigia elegans (Cambess.) Hara,
nome_aceito,Ludwigia erecta (L.) H.Hara ,
nome_aceito,Ludwigia filiformis (Micheli) Ramamoorthy,
nome_aceito,Ludwigia grandiflora (Michx.) Greuter & Burdet,
nome_aceito,Ludwigia helminthorrhiza (Mart.) H. Hara,
nome_aceito,Ludwigia hexapetala (Hook. And Arn.) Zardini et al.,
nome_aceito,Ludwigia hyssopifolia (G.Don) Exell,
nome_aceito,Ludwigia inclinata (L.f.) M. Gómez,
nome_aceito,Ludwigia irwinii T.P. Ramamoorthy ,
nome_aceito,Ludwigia lagunae (Morong) H. Hara,
nome_aceito,Ludwigia leptocarpa (Nutt.) H.Hara,
nome_aceito,Ludwigia linifolia Poir.,
nome_aceito,Ludwigia longifolia (DC.) Hara ,
nome_aceito,Ludwigia major (Micheli) Ramam.,
nome_aceito,Ludwigia multinervia (Hook. & Arn.) Ramamoorthy,
nome_aceito,Ludwigia nervosa (Poir.) H.Hara,
nome_aceito,Ludwigia octovalvis (Jacq.) P.H.Raven,
nome_aceito,Ludwigia peploides (Kunth) P.H.Raven ,
nome_aceito,Ludwigia peruviana (L.) Hover,
nome_aceito,Ludwigia rigida (Miq.) Sandwith ,
nome_aceito,Ludwigia sedoides (Humb. & Bonpl.) H.Hara,
nome_aceito,Ludwigia sericea (Camb.) H. Hara ,
nome_aceito,Ludwigia suffruticosa (L.) H. Hara ,
nome_aceito,Ludwigia tomentosa (Cambess.) H.Hara ,
nome_aceito,Ludwigia torulosa (Arn.) H. Hara ,
sinonimo,Ludwigia uruguayensis (Camb.) H. Hara ,Ludwigia hexapetala (Hook. & Arn.) Zardini et al.
sinonimo,"Anacheilium alagoense (Pabst) Pabst, Moutinho ex A.V. Pinto",Prosthechea alagoensis (Pabst) W.E.Higgins
nome_aceito,Cleistes gracilis (Barb. Rodr.) Schltr.,
nome_aceito,Cyrtopodium paludicolum Hoehne,
nome_aceito,Epidendrum dendrobioides Thumb.,
sinonimo,Erythrodes pumila (Cogn.) Pabst,Aspidogyne pumila (Cogn.) Garay
nome_aceito,Eulophia alta (L.) Fawc. & Rendle ,
nome_aceito,Habenaria aricaensis Hoehne ,
sinonimo,Habenaria brachyphyton Schultr. ,Habenaria parviflora Lindl.
nome_aceito,Habenaria bractescens Lindl.,
nome_aceito,Habenaria graciliscarpa B. Rodr.,
nome_aceito,Habenaria inconspicua Cogn.,
nome_aceito,Habenaria johannensis Barb. Rodr.,
nome_aceito,Habenaria nabucoi Ruschi,
nome_aceito,Habenaria nuda Lindl.,
nome_aceito,Habenaria parviflora Lindl. ,
nome_aceito,Habenaria pratensis (Lindl.) Rchb. f.,
nome_aceito,Habenaria repens Nutt. ,
sinonimo,Habenaria riedelii Cogn.,Habenaria warmingii Rchb.f.
sinonimo,Habenaria vaupellii Rchb. ,Habenaria johannensis Barb.Rodr.
nome_aceito,Buchnera palustris (Aubl.) Spreng. ,
nome_aceito,Buchnera rosea Kunth ,
nome_aceito,Melasma melampyroides (Rich.) Pennell ,
nome_aceito,Vellosiella dracocephaloides (Vell.) Baill.,
nome_aceito,Oxalis barrelieri L. ,
nome_aceito,Passiflora foetida L.,
nome_aceito,Passiflora vespertilio L. ,
nome_aceito,Piriqueta cistoides (L.) Griseb. ,
nome_aceito,"Piriqueta duarteana (A. St.-Hil., A. Juss. & Cambess.) Urb. ",
nome_aceito,Piriqueta racemosa (Jacq.) Sweet,
nome_aceito,Turnera scabra Millsp. ,
nome_aceito,Sesamum indicum L.,
nome_aceito,Phyllanthus fluitans Benth. ex Müll. Arg. ,
nome_aceito,Phyllanthus hyssopifolioloides H. B. K.,
nome_aceito,Phyllanthus niruri L.,
nome_aceito,Phyllanthus sellowianus M. Arg.,
nome_aceito,Phyllanthus stipulatus (Raf.) G.L.Webster ,
nome_aceito,Phytolacca thyrsiflora Fenzl ex J. A. Schmidt,
nome_aceito,Piper caldense C.DC. ,
nome_aceito,Piper fuligineum Kunth,
nome_aceito,Achetaria ocymoides (Cham. & Schltdl.) Wettst. ,
sinonimo,Angelonia gardneri Hook. ,Angelonia salicariifolia Bonpl.
nome_aceito,Bacopa aquatica Aubl.,
nome_aceito,Bacopa arenaria Loefgr. & Edwall ,
nome_aceito,Bacopa egensis (Poepp.) Pennell,
nome_aceito,Bacopa lanigera Wettst.,
nome_aceito,Bacopa monnieri (L.) Wettst.,
nome_aceito,Bacopa rotundifolia (Michx.) Wettst.,
nome_aceito,Bacopa salzmannii Wettst. ex Edwall,
sinonimo,Bacopa serpylloides (Cham. And Schltdl.) Angely,Mecardonia serpylloides (Cham. & Schltdl.) Pennell
nome_aceito,Bacopa stricta (Schrad.) Edwall,
nao_encontrado,Bcopa reflexa (Benth.) Edwal,
nome_aceito,Callitriche deflexa  A. Braun ex Hegelm. ,
nome_aceito,Callitriche rimosa Fassett ,
nome_aceito,Conobea aquatica Aubl. ,
nome_aceito,Gratiola peruviana L. ,
nome_aceito,Mecardonia procumbens (Mill.) Small ,
nome_aceito,Mecardonia serpylloides (Cham. & Schltdl.) Pennell,
nome_aceito,Micranthemum umbrosum (J.F. Gmel.) S.F. Blake,
nome_aceito,Plantago australis Lam.,
nome_aceito,Scoparia dulcis L.,
nome_aceito,Scoparia montevidensis (Kuntze) R.E. Fr.,
nome_aceito,Stemodia durantifolia (L.) Sw.,
nome_aceito,Stemodia maritima L. ,
nome_aceito,Stemodia pratensis (Aubl.) C.C. Cowan,
nome_aceito,Limonium brasiliense (Boiss.) O. Kze.,
nome_aceito,Acroceras zizanioides (Kunth) Dandy,
sinonimo,Agrostis palustris Huds.,Agrostis stolonifera L.
nome_aceito,Andropogon bicornis L.,
nome_aceito,Andropogon leucostachyus Kunth,
nome_aceito,Andropogon selloanus (Hack.) Hack. ,
nome_aceito,Andropogon virgatus Desv.,
nome_aceito,Anthephora hermaphrodita (L.) Kuntze,
nome_aceito,Axonopus brasiliensis (Spreng.) Kuhlm.,
nome_aceito,Axonopus leptostachyus (Flüggé) Hitchc. ,
nome_aceito,Axonopus purpusii (Mez) Chase ,
sinonimo,Bambusa trinii Nees,Guadua trinii (Nees) Nees ex Rupr.
sinonimo,Brachiaria brizantha (Hochst. Ex A. Rich.) Stapf,Urochloa brizantha (Hochst. ex A. Rich.) R.D.Webster
sinonimo,Brachiaria decumbens (Stapf) R.D. Webster,Urochloa decumbens (Stapf) R.D.Webster
sinonimo,Brachiaria mutica (Forssk.) Stapf ,Urochloa mutica (Forssk.) T.Q.Nguyen
sinonimo,Brachiaria plantaginea (Link) Hitchc. ,Urochloa plantaginea (Link) R.D.Webster
nome_aceito,Cenchrus echinatus L. ,
nome_aceito,Cenchrus purpureus (Schumach.) Morrone ,
nome_aceito,Chloris barbata Sw. ,
nome_aceito,Chloris exilis Renvoize,
nome_aceito,Coix lacryma-jobi L. ,
nome_aceito,Cynodon dactylon (L.) Pers. ,
nome_aceito,Dactyloctenium aegyptium (L.) Willd ,
nome_aceito,Digitaria ciliaris (Retz.) Koeler ,
nome_aceito,Digitaria horizontalis Willd. ,
nome_aceito,Digitaria violascens Link ,
nome_aceito,Dinebra scabra (Nees) P.M. Peterson & N. Snow ,
nome_aceito,Echinochloa crusgalli (L.) P.Beauv.,
nome_aceito,Echinochloa crus-pavonis (Kunth) Schult.,
nome_aceito,Echinochloa polystachya (Kunth) Hitchc.,
nome_aceito,Echinochloa colona (L.) Link,
nome_aceito,Eleusine indica (L.) Gaertn. ,
nome_aceito,Eragrostis acutiflora (Kunth) Nees ,
nome_aceito,Eragrostis bahiensis (Schrad. ex Schult.) Schult.,
nome_aceito,Eragrostis ciliaris (L.) R.Br.,
nome_aceito,"Eragrostis hypnoides (Lam.) Britton, Sterns & Poggenb. ",
nome_aceito,Eragrostis japonica (Thunb.) Trin. ,
nome_aceito,Eragrostis pilosa (L.) P. Beauv.,
nome_aceito,Eragrostis tenella (L.) P. Beauv. ex Roem. & Schult. ,
nome_aceito,Eriochloa distachya Kunth ,
nome_aceito,Eriochloa punctata (L.) Desv. ,
nome_aceito,Eriochrysis cayennensis P.Beauv.,
nome_aceito,Gynerium sagittatum (Aubl.) P. Beauv. ,
sinonimo,Heleochloa schoenoides (L.) Host,Crypsis schoenoides (L.) Lam.
nome_aceito,Homolepis aturensis (Kunth) Chase ,
nome_aceito,Homolepis isocalycia (G. Mey.) Chase,
nome_aceito,Hymenachne donacifolia (Raddi) Chase ,
nome_aceito,Hymenachne amplexicaulis (Rudge) Nees,
nao_encontrado,Hypoginum virgatum (Desv) Dandy ,
nome_aceito,Imperata brasiliensis Trin. ,
nome_aceito,Imperata tenuis Hack.,
nome_aceito,Isachne polygonoides (Lam.) Döll ,
nome_aceito,Ischaemum guianense Kunth ex Hack. ,
nome_aceito,Ischaemum minus J.Presl ,
nome_aceito,Lasiacis procerrima (Hack.) Hitchc. ,
nome_aceito,Leersia hexandra Sw.,
sinonimo,Leptochloa fascicularis (Lam.) A. Gray ,Leptochloa fusca subsp. fascicularis (Lam.) N.Snow
nome_aceito,Leptochloa virgata (L.) P.Beauv.,
sinonimo,Leptocoryphium lanatum (HBK) Nees,Anthaenantia lanata (Kunth) Benth.
nome_aceito,Luziola bahiensis (Steud.) Hitchc.,
sinonimo,Luziola brasiliana Moric.,Luziola peruviana Juss. ex J.F.Gmel.
nome_aceito,Luziola fragilis Swallen,
nome_aceito,Luziola peruviana Juss. ex J.F. Gurel ,
nome_aceito,Luziola spruceana Benth. ex Döll ,
nome_aceito,Luziola subintegra Swallen ,
nome_aceito,Megathyrsus maximus (Jacq.) B.K.Simon & S.W.L.Jacobs,
nome_aceito,Mesosetum loliiforme (Hochst. ex Steud.) Chase ,
nome_aceito,Olyra ecaudata Döll ,
nome_aceito,Olyra longifolia Kunth ,
nome_aceito,Oryza glumaepatula Steud. ,
nome_aceito,Oryza grandiglumis (Döll) Prod. ,
nome_aceito,Oryza latifolia Desv. ,
nome_aceito,Oryza sativa L.,
nome_aceito,Otachyrium succisum (Swallen) Send. & Soderstr. ,
nome_aceito,Otachyrium versicolor (Döll) Henrard,
nome_aceito,Panicum aquaticum Poir.,
sinonimo,Panicum boliviense Hack.,Panicum polygonatum Schrad.
nome_aceito,Panicum dichotomiflorum Michx. ,
sinonimo,Panicum elephantipes Nees ex Trin. ,Louisiella elephantipes (Nees ex Trin.) Zuloaga
sinonimo,Panicum grande Hitchc. & Chase ,Aconisia grandis (Hitchc. & Chase) J.R. Grande
sinonimo,Panicum grumosum Nees,Hymenachne grumosa (Nees) Zuloaga
sinonimo,Panicum helobium Wez ex Henrad,Trichanthecium schwackeanum (Mez) Zuloaga & Morrone
sinonimo,Panicum laxum Sw.,Steinchisma laxum (Sw.) Zuloaga
sinonimo,Panicum maximum Jacq.,Megathyrsus maximus (Jacq.) B.K.Simon & S.W.L.Jacobs
sinonimo,Panicum mertensii Roth,Stephostachys mertensii (Roth) Zuloaga & Morrone
sinonimo,Panicum milleflorum Hitchc. And Chase,Panicum pilosum Sw.
sinonimo,Panicum parvifolium Lam. ,Trichanthecium parvifolium (Lam.) Zuloaga & Morrone
nome_aceito,Panicum pernambuncense (Spreng.) Mez ex Pilg.,
sinonimo,Panicum prionitis Nees,Coleataenia prionitis (Nees) Soreng
nome_aceito,Panicum repens L.,
sinonimo,Panicum rivulare Trin.,Hymenachne pernambucensis (Spreng.) Zuloaga
sinonimo,Panicum sabulorum Lam.,Dichanthelium sabulorum (Lam.) Gould & C.A. Clark
sinonimo,Panicum schwackeanum Mez. ,Trichanthecium schwackeanum (Mez) Zuloaga & Morrone
nome_aceito,Paratheria prostrata Griseb.,
nome_aceito,Pariana campestris Aubl. ,
sinonimo,Paspalidium paludivagum (Hitchc.& Chase) Parodi,Paspalidium geminatum (Forssk.) Stapf
nome_aceito,Paspalidium geminatum (Forssk.) Stapf ,
nome_aceito,Paspalum acuminatum Raddi,
nome_aceito,Paspalum boscianum Flüggé ,
nome_aceito,Paspalum conjugatum P.J. Bergius,
nome_aceito,Paspalum conspersum Schrad.,
nome_aceito,Paspalum coryphaeum Trin. ,
nome_aceito,Paspalum densum Poir. ,
nome_aceito,Paspalum denticulatum Trin. ,
nome_aceito,Paspalum distichum L.,
nome_aceito,Paspalum fasciculatum Willd. ex Flüggé ,
nome_aceito,Paspalum glaucescens Hack. ,
nome_aceito,Paspalum hydrophyllum Henr.,
nome_aceito,Paspalum ligulare Nees ,
nome_aceito,Paspalum melanospermum Desv. ex Poir. ,
nome_aceito,Paspalum millegrana Schrad. ex Schult. ,
nome_aceito,"Paspalum morichalense Davidse, Zuloaga & Filgueiras",
nome_aceito,Paspalum orbiculatum Poir. ,
nome_aceito,Paspalum pulchellum Kunth ,
nome_aceito,Paspalum pumilum Nees,
nome_aceito,Paspalum repens P.J. Bergius,
nome_aceito,Paspalum trichophyllum Henrard ,
nome_aceito,Paspalum vaginatum Sw. ,
nome_aceito,Paspalum virgatum L. ,
nome_aceito,Paspalum wrightii Hitchc. & Chase ,
sinonimo,Pennisetum purpureum Schum ,Cenchrus purpureus (Schumach.) Morrone
sinonimo,Poidium calotheca (Trin.) Matthei,"Chascolytrum calotheca (Trin.) Essi, Longhi-Wagner & Souza-Chies"
nome_aceito,Polypogon elongatus Kunth,
nome_aceito,Raddiella esenbeckii (Steud.) Calderón & Soderstr. ,
nome_aceito,Rhytachne rottboellioides Desv.,
nome_aceito,Reimarochloa aberrans (Döll) Chase ,
nome_aceito,Reimarochloa acuta (Flüggé) Hitchc. ,
nome_aceito,Reimarochloa brasiliensis (Spreng.) Hitchc. ,
nome_aceito,Rugoloa hylaeica (Mez) Zuloaga ,
nome_aceito,Rugoloa pilosa (Sw.) Zuloaga ,
nome_aceito,Rugoloa polygonata (Schrad.) Zuloaga ,
nome_aceito,Sacciolepis striata (L.) Nash,
nome_aceito,Sacciolepis vilvoides (Trin.) Chase ,
nome_aceito,Sacciolepis myuros (Lam.) Chase ,
nome_aceito,Spartina alterniflora Lois. Et Deslong.,
nome_aceito,Spartina densiflora Brongn.,
nome_aceito,Setaria pauciflora Linden ex Herrm,
nome_aceito,Setaria parviflora (Poir.) Kerguélen,
nome_aceito,Sorghastrum setosum (Griseb.) Hitchc. ,
nome_aceito,Sorghum bicolor (Desv.) de Wet & J.R.Harlan ,
nome_aceito,Sporobolus virginicus (L.) Kunth ,
nome_aceito,Sporobolus indicus (L.) R.Br.,
nome_aceito,Steinchisma laxa (Sw.) Zuloaga,
nome_aceito,Steinchisma laxum (Sw.) Zuloaga ,
nome_aceito,Steinchisma decipiens (Nees ex Trin.) W.V.Br. ,
nome_aceito,Stephostachys mertensii (Roth) Zuloaga & Morrone ,
sinonimo,Trichanthecium cyanenscens (Nees ex Trin.) Zuloaga & Morrone,Panicum cyanescens Nees ex Trin.
nome_aceito,Trichanthecium micranthum (Kunth) Zuloaga & Morrone ,
nome_aceito,Trichanthecium nervosum (Lam.) Zuloaga & Morrone ,
nome_aceito,Trichanthecium parvifolium (Lam.) Zuloaga & Morrone ,
nome_aceito,Trichanthecium pyrularium (Hitchc. & Chase) Zuloaga & Morrone ,
nome_aceito,Urochloa humidicola (Rendle) Morrone & Zuloaga ,
nome_aceito,Urochloa plantaginea (Link) R. D. Webster ,
nome_aceito,Urochloa subquadripara (Trin.) R.D. Webster,
nome_aceito,Zizaniopsis bonariensis (Bal. & Poit.) Speg.,
